-- phpMyAdmin SQL Dump
-- version 5.1.1
-- https://www.phpmyadmin.net/
--
-- Host: 127.0.0.1
-- Generation Time: Feb 13, 2023 at 03:53 PM
-- Server version: 10.4.22-MariaDB
-- PHP Version: 8.1.2

SET SQL_MODE = "NO_AUTO_VALUE_ON_ZERO";
START TRANSACTION;
SET time_zone = "+00:00";


/*!40101 SET @OLD_CHARACTER_SET_CLIENT=@@CHARACTER_SET_CLIENT */;
/*!40101 SET @OLD_CHARACTER_SET_RESULTS=@@CHARACTER_SET_RESULTS */;
/*!40101 SET @OLD_COLLATION_CONNECTION=@@COLLATION_CONNECTION */;
/*!40101 SET NAMES utf8mb4 */;

--
-- Database: `db`
--

-- --------------------------------------------------------

--
-- Table structure for table `factor`
--

CREATE TABLE `factor` (
  `id` int(11) NOT NULL,
  `user_id` int(11) NOT NULL,
  `product_id` int(11) NOT NULL,
  `product_count` int(11) NOT NULL,
  `price` int(50) NOT NULL,
  `total_price` int(50) NOT NULL
) ENGINE=InnoDB DEFAULT CHARSET=utf8mb4 COLLATE=utf8mb4_persian_ci;

--
-- Dumping data for table `factor`
--

INSERT INTO `factor` (`id`, `user_id`, `product_id`, `product_count`, `price`, `total_price`) VALUES
(1, 2, 5, 4, 23625000, 94500000),
(2, 2, 11, 3, 27600000, 82800000),
(3, 2, 4, 1, 30000000, 30000000),
(4, 2, 6, 1, 34270000, 34270000),
(5, 1, 1, 1, 19400000, 19400000),
(6, 1, 7, 1, 8399000, 8399000),
(7, 1, 9, 1, 24300000, 24300000),
(8, 1, 4, 1, 30000000, 30000000),
(9, 1, 7, 1, 8399000, 8399000),
(10, 1, 9, 1, 24300000, 24300000),
(11, 1, 9, 1, 24300000, 24300000),
(12, 2, 4, 1, 30000000, 30000000),
(13, 2, 4, 1, 30000000, 30000000),
(14, 2, 10, 1, 6750000, 6750000),
(15, 2, 4, 1, 30000000, 30000000),
(16, 2, 11, 3, 27600000, 82800000),
(17, 2, 13, 2, 20400000, 40800000),
(18, 2, 10, 3, 6750000, 20250000),
(19, 2, 14, 2, 35000000, 70000000),
(20, 2, 10, 1, 6750000, 6750000),
(21, 1, 4, 1, 30000000, 30000000),
(22, 1, 4, 1, 30000000, 30000000),
(23, 1, 4, 6, 30000000, 180000000),
(24, 1, 8, 3, 26589000, 79767000),
(25, 1, 1, 4, 19400000, 77600000),
(26, 1, 6, 4, 34270000, 137080000),
(27, 1, 6, 1, 34270000, 34270000),
(28, 1, 4, 1, 30000000, 30000000),
(29, 1, 4, 1, 30000000, 30000000),
(30, 2, 5, 4, 23625000, 94500000),
(31, 2, 7, 3, 8399000, 25197000),
(32, 2, 4, 1, 30000000, 30000000),
(33, 2, 1, 1, 19400000, 19400000),
(34, 2, 4, 1, 30000000, 30000000),
(35, 2, 1, 1, 19400000, 19400000),
(36, 2, 4, 1, 30000000, 30000000),
(37, 2, 10, 3, 6750000, 20250000),
(38, 2, 4, 3, 30000000, 90000000),
(39, 1, 10, 5, 6750000, 33750000),
(40, 1, 6, 3, 34270000, 102810000),
(41, 1, 4, 4, 30000000, 120000000),
(42, 1, 11, 4, 27600000, 110400000),
(43, 1, 1, 1, 19400000, 19400000),
(44, 2, 5, 5, 23625000, 118125000),
(45, 2, 14, 3, 35000000, 105000000),
(46, 2, 11, 1, 27600000, 27600000),
(47, 2, 11, 2, 22080000, 55200000),
(48, 2, 4, 1, 21000000, 21000000),
(49, 1, 4, 1, 21000000, 21000000),
(50, 1, 1, 4, 19400000, 77600000),
(51, 1, 10, 1, 5062500, 5062500),
(52, 2, 4, 3, 21000000, 63000000),
(53, 2, 3, 1, 41389000, 41389000),
(54, 2, 4, 1, 21000000, 21000000),
(55, 2, 1, 1, 19400000, 19400000),
(56, 2, 4, 1, 21000000, 21000000),
(57, 2, 7, 1, 8399000, 8399000),
(58, 2, 4, 3, 21000000, 63000000),
(59, 1, 2, 4, 28500000, 114000000),
(60, 1, 3, 3, 41389000, 124167000),
(61, 1, 4, 2, 21000000, 42000000),
(62, 1, 4, 1, 21000000, 21000000),
(63, 1, 1, 3, 19400000, 58200000),
(64, 1, 4, 1, 21000000, 21000000),
(65, 1, 1, 1, 19400000, 19400000),
(66, 2, 2, 5, 28500000, 142500000),
(67, 2, 1, 4, 19400000, 77600000),
(68, 2, 10, 2, 5062500, 10125000),
(69, 5, 2, 2, 28500000, 57000000),
(70, 5, 9, 3, 24300000, 72900000),
(71, 5, 4, 3, 21000000, 63000000),
(72, 5, 1, 1, 19400000, 19400000),
(73, 2, 3, 3, 41389000, 124167000),
(74, 2, 4, 3, 21000000, 63000000),
(75, 1, 1, 2, 19400000, 38800000),
(76, 1, 4, 1, 21000000, 21000000),
(77, 1, 3, 1, 41389000, 41389000),
(78, 1, 4, 1, 21000000, 21000000),
(79, 1, 1, 1, 19400000, 19400000),
(80, 1, 7, 1, 8399000, 8399000),
(81, 39, 5, 34, 23625000, 803250000),
(82, 39, 7, 1, 8399000, 8399000),
(83, 39, 4, 2, 21000000, 42000000),
(84, 2, 4, 3, 21000000, 63000000),
(85, 2, 8, 2, 26589000, 53178000),
(86, 41, 5, 3, 23625000, 70875000),
(87, 41, 4, 4, 21000000, 84000000);

-- --------------------------------------------------------

--
-- Table structure for table `message`
--

CREATE TABLE `message` (
  `id` int(11) NOT NULL,
  `comment` mediumtext COLLATE utf8mb4_persian_ci NOT NULL,
  `userid` int(11) NOT NULL
) ENGINE=InnoDB DEFAULT CHARSET=utf8mb4 COLLATE=utf8mb4_persian_ci;

--
-- Dumping data for table `message`
--

INSERT INTO `message` (`id`, `comment`, `userid`) VALUES
(1, 'بالاخره بعد از شایعات، شاهد رونمایی جدید‌ترین گوشی‌های هوشمند اپل در قالب خانواده آیفون 13 بودیم. آیفون 13 پرو مکس، آیفون 13 پرو، آیفون 13 و آیفون 13 مینی به‌عنوان جدید‌ترین گوشی‌های هوشمند این شرکت معرفی شدند. آیفون 13 پرو مکس بدون شک به مشخصات فنی قدرتمند‌تری به نسبت ما‌بقی اعضای این خانواده مجهز شده است. از نظر طراحی تفاوت چندانی با نسل قبلی پرچمداران این شرکت شاهد نبودیم. تنها در نمای رو به رویی این بار اپل از ناچ با عرض کمتری به نسبت نسل قبلی بهره برده است.', 1),
(2, 'بدون شک یک گوشی گیمینگ، باید طراحی کمی متفاوت‌تری به نسبت دیگر گوشی‌های هوشمند داشته باشد. شیائومی    Black Shark 5 Pro هم یگی از گوشی‌های هوشمند گیمینگ این شرکت است که طراحی خشن و خاصی را با خود به‌همراه دارد. طراحی که خاص بودن و گیمینگ بودن این گوشی را به‌خوبی نشان می‌دهد و می‌تواند انتخاب بسیار مناسبی برای کاربران گیمر باشد. در نمای رو‌به‌رویی صفحه‌نمایش یکدستی را شاهد هستیم که به طراحی ناچ اینفینیتی O مجهز شده است. بریدگی دایره‌ای شکل ناچ در قسمت بالایی و مرکزی صفحه‌نمایش همانطور که در تصویر مشاهده می‌کنید، سنسور دوربین سلفی را در خود جای داده است. حاشیه‌های به نسبت کم هم سبب شده تا ۸۵.۷ درصد از نمای رو‌به‌رویی را صفحه‌نمایش به خودش اختصاص دهد.', 1),
(3, 'برخی از شرکت توانسته‌اند تا به امروز عملکرد خوبی را در بخش گوشی‌های هوشمند انعطاف پذیر یا همان تاشو به نمایش بگذارند که هوآوی هم یکی از این شرکت‌ها است. هوآوی P50 Pocket هم یکی از جدید‌ترین گوشی‌های تاشو این شرکت است که مشخصات فنی قدرتمند و طراحی بسیار جذاب و خاصی را با خود به‌همراه دارد. نوع طراحی تاشو این گوشی مشابه با گوشی‌های تاشو سری Z Flip شرکت سامسونگ و گوشی تاشو شرکت موتورولا است. هوآوی سعی داشته تا طراحی زیبایی را مخصوصا برای مدل Premium Edition در نظر بگیرید و باید بگوییم که از نظر زیبایی بسیار موفق بوده است. در نمای رو‌به‌رویی این گوشی صفحه‌نمایش اصلی و تاشو را شاهد هستیم که حاشیه‌های بسیار کمی را با خود به‌همراه دارد و همین امر سبب شده تا ۸۵.۱ درصد از نمای رو‌به‌رویی را به خودش اختصاص دهد. صفحه‌نمایشی که حرف‌های بسیاری برای گفتن دارد و در ادامه بیشتر به آن می‌پردازیم.\r\nدر قسمت پشتی هم شاهد قرار‌گیری سه سنسور دوربین هستیم که در معماری دایره‌ای شکلی کنار یکدیگر قرار گرفته‌اند. در این بخش اما صفحه‌نمایش ثانویه در نظر گرفته شده که برای نمایش اعلان‌ها و برخی از فعالیت‌ها در نظر گرفته شده است. باید بگوییم که صفحه‌نمایشی که برای استفاده در حالت تاشو در نظر گرفته شده شاید با شکل دایره‌ای جذابیت خاصی داشته باشد، اما شاید بهتر بود هوآوی ابعاد بزرگ‌تری را برای این صفحه‌نمایش ثانویه در نظر می‌گرفت تا کاربردی بیشتر از این داشته باشد. وزن بسیار مناسب ۱۹۰ گرمی این گوشی به هیچ عنوان در استفاده طولانی مدت خستگی برای دست به‌همراه ندارد و از طرفی به‌خوبی حس و حال یک گوشی هوشمند رده بالا و پرچمدار را به شما منتقل می‌کند. تاشو بودن این گوشی هم سبب شده تا فضای بسیار کمی را اشغال کند که این قضیه هم یکی دیگر از مزیت‌های گوشی‌های تاشو است. همانطور که در ابتدا اشاره کرده بودیم، در نسخه Premium Edition، هوآوی طراحی و بریدگی جذابی را برای قسمت پشتی این گوشی در نظر گرفته است که جلوه بصری بسیار جذاب و چشم نوازی را به این گوشی هاص بخشیده است. قابلیت امنیتی و بسیار پرکاربرد حسگر اثر انگشت هم روی دکمه پاور در فریم کناری قرار گرفته که انتخاب بسیار هوشمندانه‌ای بود تا در حالت تاشو هم مورد استفاده قرار بگیرد. در صورتی که این قابلیت زیر صفحه‌نمایش قرار می‌گرفت، دیگر چنین امکانی در حالت تاشو وجود نداشت.', 2),
(4, 'سامسونگ Galaxy S22 Ultra 5G با بهره بردن از مشخصات فنی مناسب و فوق قدرتمند به‌عنوان پرچمدار شرکت سامسونگ در تاریخ 9 فوریه سال 2022 معرفی شد. در همان نگاه اول طراحی کمی مشابه با پرچمداران سری نوت این شرکت را شاهد هستیم که البته زیبایی بصری بسیار جذابی را هم با خود به‌همراه داشته است. در نمای رو‌به‌رویی سامسونگ Galaxy S22 Ultra 5G به صفحه‌نمایش با ابعاد 6.8 اینچ و رزولوشن 1440×3088 پیکسل از نوع Dynamic AMOLED 2X مجهز شده است. صفحه‌نمایش که توانایی نمایش 500 پیکسل در هر اینچ و نرخ بروزرسانی 120 هرتز را دارد. بدون هیچ حرف و حدیثی در این بخش باید گفت که سامسونگ Galaxy S22 Ultra 5G به یکی از قدرتمند‌ترین صفحات‌نمایش در بین گوشی‌های هوشمند مجهز شده است. در بخش سنسور‌های دوربین هم سامسونگ چیزی برای این گوشی پرچمدار کم نگذاشته است. یک سنسور دوربین اصلی با رزولوشن 108 مگاپیکسل از نوع عریض و گشودگی دریچه دیافراگم f/1.8 در کنار سنسور 10 مگاپیکسل از نوع پریسکوپ با قابلیت زوم 10 برابری اپتیکال به‌همراه سنسور 10 مگاپیکسل از نوع تله فوتو با قابلیت زوم 3 برابری اپتیکال و سنسور 12 مگاپیکسل از نوع فوق عریض (ultrawide) با زاویه دید 120 درجه، سنسور‌های دوربین چهارگانه سامسونگ Galaxy S22 Ultra 5G را تشکیل می‌دهند. سنسور دوربین اصلی در کنار توانایی ضبط ویدیو با حداکثر کیفیت 8K و سرعت 24 فریم در ثانیه، به قابلیت جذاب و البته کاربردی لرزشگیر اپتیکال یا همان OIS هم مجهز شده است. برای دوربین سلفی هم از یک سنسور با رزولوشن 40 مگاپیکسل و گشودگی دریچه دیافراگم f/2.2 استفاده شده است. در بخش مشخصات سخت‌افزاری هم برای بازار‌های اروپایی و خاورمیانه، پردازنده اسنپدراگون 8 Gen1 شرکت کوالکام هم این گوشی هوشمند قدرتمند را همراه می‌کند. پردازنده‌ای با معماری 4 نانومتری که به خوبی از پس تمام بازی‌های سنگین و به‌روز حال و حاضر دنیا بر‌می‌آید. باتری با میزان ظرفیت 5000 میلی‌آمپر‌ساعت و پشتیبانی از فناوری شارژ سریع 45 وات هم از دیگر مشخصات در نظر گرفته شده است. البته لازک به ذکر است که این گوشی بدون آداپتور شارژر روانه بازار شده است. البته باید بدانید که این بار، قلم هوشمند و بسیار کاربردی S Pen هم برای این گوشی هوشمند در نظر گرفته شده و نیازی نیست همانند نسل قبلی آن را به‌عنوان یک وسیله جانبی خریداری کنید.', 2);

-- --------------------------------------------------------

--
-- Table structure for table `products`
--

CREATE TABLE `products` (
  `id` int(11) NOT NULL,
  `name` varchar(50) CHARACTER SET utf8 COLLATE utf8_persian_ci NOT NULL,
  `image` varchar(50) CHARACTER SET utf8 COLLATE utf8_persian_ci NOT NULL,
  `price` int(50) NOT NULL,
  `Seller` varchar(50) COLLATE utf8mb4_persian_ci NOT NULL,
  `guarantee` varchar(50) COLLATE utf8mb4_persian_ci NOT NULL,
  `count` int(11) NOT NULL,
  `OFF-Price` int(11) DEFAULT NULL,
  `BigImage` varchar(50) CHARACTER SET utf8 COLLATE utf8_persian_ci NOT NULL,
  `BigName` varchar(255) CHARACTER SET utf8 COLLATE utf8_persian_ci NOT NULL,
  `Specification` text CHARACTER SET utf8 COLLATE utf8_persian_ci NOT NULL,
  `Banner` varchar(50) COLLATE utf8mb4_persian_ci DEFAULT NULL
) ENGINE=InnoDB DEFAULT CHARSET=utf8mb4 COLLATE=utf8mb4_persian_ci;

--
-- Dumping data for table `products`
--

INSERT INTO `products` (`id`, `name`, `image`, `price`, `Seller`, `guarantee`, `count`, `OFF-Price`, `BigImage`, `BigName`, `Specification`, `Banner`) VALUES
(1, 'Xiaomi 11T Pro 5G', 'pictures/11t_pro_5g.png', 19400000, 'گسترش همراه', '18 ماهه داریا همراه', 32, NULL, 'pictures/Xiaomi 11T Pro 5G-Big.png', 'گوشی موبایل شیائومی مدل 11T Pro 2107113SG 5G دو سیم‌ کارت ظرفیت 256 گیگابایت و رم 12 گیگابایت', '{ \"رنگ\": \"خاکستری\", \"حافظه داخلی\": \"256 گیگابایت\", \"بازه ی اندازه صفحه نمایش\": \"6.0 اینچ و بزرگتر\", \"شبکه های ارتباطی\": \"2G , 3G , 4G , 5G\", \"وزن\": \"204 گرم\", \"توضیحات سیم کارت\": \"سایز نانو\", \"ساختار بدنه\": \"قاب جلو و قاب پشتی ساخته شده از جنس شیشه(با محافظ گوریلا گلس Victus)<br>فریم ساخته شده از آلومینیوم<br>دارای گواهینامه IP53 (ضد پاچش آب)<br>فاقد قابلیت دریافت کارت حافظه\", \"ویژگی‌های خاص\": \"دارای بدنه مقاوم , مجهز به حسگر اثرانگشت , مناسب بازی , مناسب عکاسی , مناسب عکاسی سلفی\", \"تعداد سیم کارت\": \"دو عدد\", \"زمان معرفی\": \"15 سپتامبر 2021\", \"تراشه\": \"Qualcomm SM8350 Snapdragon 888 5G (5 nm) Chipset\", \"پردازنده‌ی مرکزی\": \"1x Kryo 680 + 3x Kryo 680 + 4x Kryo 680 CPU\", \"نوع پردازنده\": \"64 بیتی\", \"فرکانس پردازنده‌ی مرکزی\":\"2.84-2.42-1.80 گیگاهرتز\",\"پردازنده‌ی گرافیکی\":\"Adreno 660 GPU\",\"حافظه داخلی\":\"256 گیگابایت\", \"مقدار RAM\": \"دوازده گیگابایت\", \"فناوری صفحه‌ نمایش\": \"AMOLED\", \"اندازه\": \"6.67 اینچ\", \"رزولوشن\": \"2400 × 1080 پیکسل\", \"تراکم پیکسلی\": \"395 پیکسل بر اینچ\", \"سایر قابلیت‌ها\": \"توانایی ارائه نرخ به روز رسانی 120 هرتز<br>حداکثر روشنایی 1000 نیت (شمع در متر مربع)\", \"سیستم عامل\": \"Android\", \"نسخه سیستم عامل\": \"Android 11\", \"مشخصات باتری\": \"باتری از نوع لیتیوم-پلیمر با میزان ظرفیت 5000 میلی‌آمپر‌ ساعت<br>شارژر 120 واتی مجهز به تکنولوژی شارژ سریع<br>شارژ 0 تا 100 درصد در مدت زمان 17 دقیقه\" }', NULL),
(2, 'Galaxy S21 Ultra 5G', 'pictures/s21ultra5g.png', 28500000, 'پایا گستر', '18 ماهه هایا تجارت همراه', 38, NULL, 'pictures/Galaxy S21 Ultra 5G-Big.png', 'گوشی موبایل سامسونگ مدل Galaxy S21 Ultra 5G SM-G998B/DS دو سیم کارت ظرفیت 256 گیگابایت و رم 12 گیگابایت', '{ \"رنگ\": \"مشکی\", \"حافظه داخلی\": \"256 گیگابایت\", \"بازه ی اندازه صفحه نمایش\": \"6.0 اینچ و بزرگتر\", \"شبکه های ارتباطی\": \"2G , 3G , 4G , 5G\", \"وزن\": \"227 گرم\", \"توضیحات سیم کارت\": \"سایز نانو\", \"ساختار بدنه\": \"بدنه‌ای از جنس فلز و شیشه (محافظ گوریلا گلس Victus روی قاب جلو و پشت + فریم فلزی)<br>فریم ساخته شده از آلومینیوم<br>دارای گواهینامه IP68 مقاوم در برابر گرد و غبار و آب تا عمق 1.5 متر و به مدت 30 دقیقه<br>پشتیبانی از قلم الکترونیکی (Stylus)\", \"ویژگی‌های خاص\": \"دارای بدنه مقاوم، فبلت، مجهز به حسگر اثرانگشت، مقاوم در برابر آب، مناسب بازی، مناسب عکاسی، مناسب عکاسی سلفی\", \"تعداد سیم کارت\": \"دو عدد\", \"زمان معرفی\": \"14 ژانویه 2021\", \"تراشه\": \"Exynos 2100 (5 nm) Chipset\", \"پردازنده‌ی مرکزی\": \"Single-Core Cortex-X1 + Triple-Core Cortex-A78 + Quad-Core Cortex-A55\", \"نوع پردازنده\": \"64 بیتی\", \"فرکانس پردازنده‌ی مرکزی\": \"2.2 گیگاهرتز 2.9 و 2.8 و \", \"پردازنده‌ی گرافیکی\": \"Mali-G78 MP14 GPU\", \"حافظه داخلی\": \"256 گیگابایت\", \"مقدار RAM\": \"دوازده گیگابایت\", \"فناوری صفحه‌ نمایش\": \"Dynamic AMOLED 2X\", \"اندازه\": \"6.8 اینچ\", \"رزولوشن\": \"3200 × 1440 پیکسل\", \"تراکم پیکسلی\": \"515 پیکسل بر اینچ\", \"سایر قابلیت‌ها\": \"حداکثر روشنایی صفحه نمایش : 1500 نیت<br>پشتیبانی از فناوری +HDR10<br>پشتییبانی از نرخ به‌ روز رسانی صفحه 120 هرتز<br>پشتیبانی از فناوری سامسونگ برای انجام امور در دسکتاپ (Samsung DeX)،<br>Samsung Wireless DeX (desktop experience support)<br>پشتیبانی از صفحه ‌نمایش همیشه روشن (Always-on display)<br>مجهز به دستیار صوتی سامسونگ (Bixby)<br>پشتیبانی از شبکه‌ ی بی‌ سیم +ANT\", \"سیستم عامل\": \"Android\", \"نسخه سیستم عامل\": \"Android 11\", \"مشخصات باتری\": \"باتری لیتیوم‌ یونی با ظرفیت 5000 میلی‌آمپر ساعت<br>قابلیت شارژ سریع با توان 25 وات<br>پشتیبانی از فناوری شارژ سریع PD نسخه سوم (USB Power Delivery 3.0)<br>مجهز به شارژ سریع بی ‌سیم Qi/PMA با توان 15 واتی<br>قابلیت شارژ بی‌ سیم دستگاه‌ های دیگر (Power Bank/Reverse Wireless Charging) با توان 4.5 وات\" }', NULL),
(3, 'iPhone 13 pro max', 'pictures/iPhone13ProMax.png', 41389000, 'طرح اندیشان نو', '20 ماهه ماکان سرویس', 46, NULL, 'pictures/iPhone 13 Pro Max-Big.png', 'گوشی موبایل اپل مدل iPhone 13 Pro Max A2644 دو سیم‌ کارت ظرفیت 256 گیگابایت و رم 6 گیگابایت', '{ \"رنگ\": \"آبی\", \"حافظه داخلی\": \"256 گیگابایت\", \"بازه ی اندازه صفحه نمایش\": \"6.0 اینچ و بزرگتر\", \"شبکه های ارتباطی\": \"2G , 3G , 4G , 5G\", \"وزن\": \"240 گرم\", \"توضیحات سیم کارت\": \"سایز نانو\", \"ساختار بدنه\": \"فلز و شیشه (قاب جلو و پشت شیشه‌ای با فریمی از جنس فولاد ضد زنگ)<br>دارای استاندارد IP68 برای مقاومت در برابر آب (به مدت 30 دقیقه در عمق 6 متر)<br>صفحه نمایش با شیشه مقاوم در برابر خط و خش به همراه محافظ ceramic glass<br>دارای پوشش Oleophobic برای صفحه‌ نمایش\", \"ویژگی‌های خاص\": \"دارای بدنه مقاوم، مجهز به حسگر تشخیص چهره، مقاوم در برابر آب، مناسب بازی، مناسب عکاسی، مناسب عکاسی سلفی\", \"تعداد سیم کارت\": \"دو عدد\", \"زمان معرفی\": \"14 سپتامبر 2021\", \"تراشه\": \"Apple A15 Bionic (5 nm) Chipset\", \"پردازنده‌ی مرکزی\": \"Hexa-core CPU\", \"نوع پردازنده\": \"64 بیتی\", \"فرکانس پردازنده‌ی مرکزی\": \"2x3.23 GHz Avalanche + 4x1.82 GHz Blizzard\", \"پردازنده‌ی گرافیکی\": \"Apple GPU (5-core graphics) GPU\", \"حافظه داخلی\": \"256 گیگابایت\", \"مقدار RAM\": \"شش گیگابایت\", \"فناوری صفحه‌ نمایش\": \"Super Retina XDR OLED\", \"اندازه\": \"6.7 اینچ\", \"رزولوشن\": \"2778 × 1284 پیکسل\", \"تراکم پیکسلی\": \"458 پیکسل بر اینچ\", \"سایر قابلیت‌ها\": \"Scratch-resistant glass oleophobic coating Dolby Vision Wide color gamut<br>True-tone Siri natural language commands and dictation\", \"سیستم عامل\": \"iOS\", \"نسخه سیستم عامل\": \"iOS 15\", \"مشخصات باتری\": \"باتری از نوع لیتیوم-یون پشتیبانی از شارژ سریع با توان 27 وات<br>پشتیبانی از شارژ سریع وایرلس 15 وات USB Power Delivery 2.0\" }', NULL),
(4, 'Galaxy Note 20 Ultra 5G', 'pictures/note_20_ultra_5g.png', 30000000, 'گسترش همراه', '18 ماهه داریا همراه', 12, 30, 'pictures/Galaxy Note 20 Ultra 5G-Big.png', 'گوشی موبایل سامسونگ مدل Galaxy Note20 Ultra 5G SM-N986 دو سیم کارت ظرفیت 256 گیگابایت', '{ \"رنگ\": \"مشکی\", \"حافظه داخلی\": \"256 گیگابایت\", \"بازه ی اندازه صفحه نمایش\": \"6.0 اینچ و بزرگتر\", \"شبکه های ارتباطی\": \"2G , 3G , 4G , 5G\", \"وزن\": \"208 گرم\", \"توضیحات سیم کارت\": \"سایز نانو\", \"ساختار بدنه\": \"قاب جلو و قاب پشتی ساخته شده از جنس شیشه ( با محافظ گوریلا گلس Victus)<br>فریم ساخته شده از استیل ضد زنگ<br>پشتیبانی از Samsung Pay برای پرداخت با استفاده از کارت‌های اعتباری Visa و MasterCard<br>دارای گواهینامه IP68 مقاوم در برابر گرد و غبار و آب تا عمق 1.5 متر و به مدت 30 دقیقه<br>کاربرد شیار دوم برای سیم‌ کارت یا کارت حافظه‌ی جانبی<br>قلم Stylus با تاخیر 9 میلی ثانیه (9ms Latency)\", \"ویژگی‌های خاص\": \"فبلت ، مقاوم در برابر آب ، مجهز به حسگر اثرانگشت ، مناسب بازی ، مناسب عکاسی ، مناسب عکاسی سلفی\", \"تعداد سیم کارت\": \"دو عدد\", \"زمان معرفی\": \"5 آگوست 2020\", \"تراشه\": \"Exynos 990 (7 nm+) Chipset\", \"پردازنده‌ی مرکزی\": \"Dual-core Mongoose M5 + Dual-core Cortex-A76 + Quad-core Cortex-A55 CPU\", \"نوع پردازنده\": \"64 بیتی\", \"فرکانس پردازنده‌ی مرکزی\": \"2.73، 2.60 و 2.0 گیگاهرتز\", \"پردازنده‌ی گرافیکی\": \"Mali-G77 MP11 GPU\", \"حافظه داخلی\": \"256 گیگابایت\", \"مقدار RAM\": \"دوازده گیگابایت\", \"فناوری صفحه‌ نمایش\": \"Dynamic AMOLED 2X\", \"اندازه\": \"6.9 اینچ\", \"رزولوشن\": \"3088 × 1440 پیکسل\", \"تراکم پیکسلی\": \"496 پیکسل بر اینچ\", \"سایر قابلیت‌ها\": \"نرخ به ‌روز رسانی تصویر 120 هرتز (در رزولوشن Full HD و کم ‌تر)<br>پشتیبانی از شبکه‌ی بی ‌سیم +ANT<br>مجهز به دستیار صوتی سامسونگ (Bixby)<br>فناوری سامسونگ برای انجام امور در دسکتاپ (Samsung Dex)\", \"سیستم عامل\": \"Android\", \"نسخه سیستم عامل\": \"Android 10\", \"مشخصات باتری\": \"باتری لیتیوم یون با ظرفیت 4500 میلی‌آمپر ساعت<br>قابلیت شارژ سریع با توان 25 وات<br>پشتیبانی از فناوری شارژ سریع PD نسخه سوم (USB Power Delivery 3.0)<br>مجهز به شارژ سریع بی‌ سیم Qi/PMA با توان 15 واتی<br>قابلیت شارژ بی‌ سیم دستگاه‌های دیگر (Power Bank/Reverse Wireless Charging) با توان 9 وات\" }', 'takhfif-pictures/Note20Ultra.png'),
(5, 'Galaxy S21 5G', 'pictures/s21_5g.png', 23625000, 'یمین فرادید', '18 ماهه مدیا پردازش', 0, NULL, 'pictures/Galaxy S21 5G-Big.png', 'گوشی موبایل سامسونگ مدل Galaxy S21 5G SM-G991B/DS دو سیم کارت ظرفیت 128 گیگابایت و رم 8 گیگابایت', '{ \"رنگ\": \"خاکستری\", \"حافظه داخلی\": \"128 گیگابایت\", \"بازه ی اندازه صفحه نمایش\": \"6.0 اینچ و بزرگتر\", \"شبکه های ارتباطی\": \"2G , 3G , 4G , 5G\", \"وزن\": \"169 گرم\", \"توضیحات سیم کارت\": \"سایز نانو\", \"ساختار بدنه\": \"قاب جلو و پشتی ساخته شده از شیشه‌ با محافظ Gorilla Glass Victus<br>فریم ساخته شده از آلومینیوم<br>دارای استاندارد IP68، مقاوم در برابر گرد و غبار، رطوبت و آب\", \"ویژگی‌های خاص\": \"مقاوم در برابر آب ، مجهز به حسگر اثرانگشت ، مناسب بازی ، مناسب عکاسی ، مناسب عکاسی سلفی\", \"تعداد سیم کارت\": \"دو عدد\", \"زمان معرفی\": \"14 ژانویه 2021\", \"تراشه\": \"Exynos 2100 (5 nm) Chipset\", \"پردازنده‌ی مرکزی\": \"Single-Core Cortex-X1 + Triple-Core Cortex-A78 + Quad-Core Cortex-A55\", \"نوع پردازنده\": \"64 بیتی\", \"فرکانس پردازنده‌ی مرکزی\": \"2.9، 2.8 و 2.2 گیگاهرتز\", \"پردازنده‌ی گرافیکی\": \"Mali-G78 MP14 GPU\", \"حافظه داخلی\": \"128 گیگابایت\", \"مقدار RAM\": \"هشت گیگابایت\", \"فناوری صفحه‌ نمایش\": \"Dynamic AMOLED 2X\", \"اندازه\": \"6.2 اینچ\", \"رزولوشن\": \"2400 × 1800 پیکسل\", \"تراکم پیکسلی\": \"421 پیکسل بر اینچ\", \"سایر قابلیت‌ها\": \"نرخ به‌ روز رسانی تصویر 120 هرتز<br>پشتیبانی از فناوری +HDR10<br>پشتیبانی از شبکه‌ ی بی ‌سیم +ANT<br>فناوری سامسونگ برای انجام امور در دسکتاپ (Samsung Dex,Samsung Wireless Dex)<br>مجهز به دستیار صوتی سامسونگ (Bixby)<br>حداکثر روشنایی صفحه نمایش 1300 نیت\", \"سیستم عامل\": \"Android\", \"نسخه سیستم عامل\": \"Android 11\", \"مشخصات باتری\": \"باتری لیتیوم‌-پلیمری با ظرفیت 4000 میلی‌آمپر ساعت<br>قابلیت شارژ سریع با توان 25 وات<br>پشتیبانی از فناوری شارژ سریع PD نسخه سوم (USB Power Delivery 3.0)<br>مجهز به شارژ سریع بی‌ سیم Qi/PMA با توان 15 واتی<br>قابلیت شارژ بی ‌سیم دستگاه‌ های دیگر (Power Bank/Reverse Wireless Charging) با توان 4.5 وات\" }', NULL),
(6, 'iPhone 12 Pro', 'pictures/iPhone 12 pro.png', 34270000, 'طرح اندیشان نو', '18 ماهه آرتین تجارت', 32, NULL, 'pictures/iphone 12 pro-Big.png', 'گوشی موبایل اپل مدل iPhone 12 Pro A2408 دو سیم‌ کارت ظرفیت 256 گیگابایت و 6 گیگابایت رم', '{ \"رنگ\": \"سفید\", \"حافظه داخلی\": \"256 گیگابایت\", \"بازه ی اندازه صفحه نمایش\": \"6.0 اینچ و بزرگتر\", \"شبکه های ارتباطی\": \"2G , 3G , 4G , 5G\", \"وزن\": \"189 گرم\", \"توضیحات سیم کارت\": \"سایز نانو\", \"ساختار بدنه\": \"فلز و شیشه (قاب جلو و پشت شیشه‌ای با فریمی از جنس فولاد ضد زنگ)<br>دارای استاندارد IP68 برای مقاومت در برابر آب (به مدت 30 دقیقه در عمق 6 متر)<br>صفحه نمایش با شیشه مقاوم در برابر خط و خش به همراه محافظ ceramic glass<br>دارای پوشش Oleophobic برای صفحه‌ نمایش\", \"ویژگی‌های خاص\": \"دارای بدنه مقاوم، مجهز به حسگر تشخیص چهره، مقاوم در برابر آب، مناسب بازی، مناسب عکاسی، مناسب عکاسی سلفی\", \"تعداد سیم کارت\": \"دو عدد\", \"زمان معرفی\": \"13 اکتبر 2020\", \"تراشه\": \"Apple A14 Bionic (5 nm) Chipset\", \"پردازنده‌ی مرکزی\": \"Hexa-core CPU\", \"نوع پردازنده\": \"64 بیتی\", \"فرکانس پردازنده‌ی مرکزی\": \"2x3.1 GHz Firestorm + 4x1.8 GHz Icestorm\", \"پردازنده‌ی گرافیکی\": \"Apple GPU (4-core graphics) GPU\", \"حافظه داخلی\": \"256 گیگابایت\", \"مقدار RAM\": \"شش گیگابایت\", \"فناوری صفحه‌ نمایش\": \"Super Retina XDR OLED\", \"اندازه\": \"6.1 اینچ\", \"رزولوشن\": \"2532 × 1170 پیکسل\", \"تراکم پیکسلی\": \"460 پیکسل بر اینچ\", \"سایر قابلیت‌ها\": \"Siri natural language commands and dictation\", \"سیستم عامل\": \"iOS\", \"نسخه سیستم عامل\": \"iOS 14\", \"مشخصات باتری\": \"(50 درصد شارژ در 30 دقیقه) باتری از نوع لیتیوم-یون پشتیبانی از شارژ سریع با توان 18 وات<br>قابلیت شارژ به‌ صورت بی‌ سیم (Qi fast wireless charging 15W)<br>پشتیبانی از فناوری PD نسخه دوم (USB Power Delivery 2.0)\" }', NULL),
(7, 'Xiaomi Mi 10 Lite 5G', 'pictures/mi_10_lite_5g.png', 8399000, 'پویا فناوران', '20 ماهه مدیا پردازش', 47, NULL, 'pictures/Mi 10 Lite 5G-Big.png', 'گوشی موبایل شیائومی مدل Mi 10 Lite 5G M2002J9G دو سیم‌ کارت ظرفیت 128 گیگابایت', '{ \"رنگ\": \"آبی\", \"حافظه داخلی\": \"128 گیگابایت\", \"بازه ی اندازه صفحه نمایش\": \"6.0 اینچ و بزرگتر\", \"شبکه های ارتباطی\": \"2G , 3G , 4G , 5G\", \"وزن\": \"192 گرم\", \"توضیحات سیم کارت\": \"سایز نانو\", \"ساختار بدنه\": \"قاب جلو ساخته شده از شیشه (با محافظ گوریلا گلس 5)\", \"ویژگی‌های خاص\": \"مجهز به حسگر اثرانگشت، فبلت، مناسب بازی، مناسب عکاسی\", \"تعداد سیم کارت\": \"دو عدد\", \"زمان معرفی\": \"27 مارس 2020\", \"تراشه\": \"Qualcomm SDM765 Snapdragon 765G (7 nm) Chipset\", \"پردازنده‌ی مرکزی\": \"Kryo 475 Prime + Kryo 475 Gold + Hexa-Core Kryo 475 Silver CPU\", \"نوع پردازنده\": \"64 بیتی\", \"فرکانس پردازنده‌ی مرکزی\": \"2.4، 2.2 و 1.8 گیگاهترز\", \"پردازنده‌ی گرافیکی\": \"Adreno 620 GPU\", \"حافظه داخلی\": \"128 گیگابایت\", \"مقدار RAM\": \"شش گیگابایت\", \"فناوری صفحه‌ نمایش\": \"AMOLED\", \"اندازه\": \"6.47 اینچ\", \"رزولوشن\": \"2400 × 1080 پیکسل\", \"تراکم پیکسلی\": \"401 پیکسل بر اینچ\", \"سایر قابلیت‌ها\": \"دارای فناوری +HDR10\", \"سیستم عامل\": \"Android\", \"نسخه سیستم عامل\": \"Android 10\", \"مشخصات باتری\": \"باتری لیتیوم-پلیمر با ظرفیت 4160 میلی‌آمپر ساعت<br>قابلیت شارژ سریع باتری با توان۲۰ وات<br>پشتیبانی از فناوری USB Power Delivery\" }', NULL),
(8, 'iPhone 13 Mini', 'pictures/13_mini.png', 26589000, 'یمین فرادید', '18 ماهه مدیا پردازش', 36, NULL, 'pictures/iPhone 13 Mini-Big.png', 'گوشی موبایل اپل مدل iPhone 13 Mini ظرفیت 256 گیگابایت و رم 4 گیگابایت', '{ \"رنگ\": \"قرمز\", \"حافظه داخلی\": \"256 گیگابایت\", \"بازه ی اندازه صفحه نمایش\": \"5.0 تا 5.5 اینچ\", \"شبکه های ارتباطی\": \"2G , 3G , 4G , 5G\", \"وزن\": \"141 گرم\", \"توضیحات سیم کارت\": \"سایز نانو\", \"ساختار بدنه\": \"قاب جلویی و پشتی از جنس شیشه، فریم از جنس آلومینیومی<br>دارای استاندارد IP68 برای مقاومت در برابر آب (به مدت 30 دقیقه در عمق 6 متر)<br>صفحه‌ نمایش با شیشه مقاوم در برابر خط‌ و خش با پوشش Gorilla Glass سرامیکی\", \"ویژگی‌های خاص\": \"دارای بدنه مقاوم، مجهز به حسگر تشخیص چهره، مقاوم در برابر آب، مناسب بازی، مناسب عکاسی سلفی، مناسب عکاسی\", \"تعداد سیم کارت\": \"دو عدد\", \"زمان معرفی\": \"14 سپتامبر 2021\", \"تراشه\": \"Apple A15 Bionic (5 nm) Chipset\", \"پردازنده‌ی مرکزی\": \"Hexa-core CPU\", \"نوع پردازنده\": \"64 بیتی\", \"فرکانس پردازنده‌ی مرکزی\": \"2x3.23 GHz Avalanche + 4x1.82 GHz Blizzard\", \"پردازنده‌ی گرافیکی\": \"Apple GPU (4-core graphics) GPU\", \"حافظه داخلی\": \"256 گیگابایت\", \"مقدار RAM\": \"چهار گیگابایت\", \"فناوری صفحه‌ نمایش\": \"Super Retina XDR OLED\", \"اندازه\": \"5.4 اینچ\", \"رزولوشن\": \"2340 × 1080 پیکسل\", \"تراکم پیکسلی\": \"476 پیکسل بر اینچ\", \"سایر قابلیت‌ها\": \"شیشه سرامیکی مقاوم در برابر خراش، پوشش اولئوفوبیک طیف وسیع رنگ<br>True-tone Siri natural language commands and dictation<br>Ultra Wideband (UWB) support<br>HDR10 Dolby Vision 800 nits (typ) 1200 nits (peak)\", \"سیستم عامل\": \"iOS\", \"نسخه سیستم عامل\": \"iOS 15\", \"مشخصات باتری\": \"باتری لیتیوم پلیمری قابلیت شارژ سریع با توان 20 وات<br>قابلیت شارژ به‌ صورت بی‌ سیم (MagSafe wireless charging 15W)<br>پشتیبانی از فناوری PD نسخه دوم (USB Power Delivery 2.0)<br>دارای قابلیت شارژ سریع بی‌ سیم Qi magnetic با توان 7.5 وات<br>شارژ شدن تا 50 درصد در 30 دقیقه<br>پخش مداوم موزیک با شارژ 100 درصد باتری تا 55 ساعت<br>پخش مداوم مالتی‌ مدیا با شارژ 100 درصد باتری تا 17 ساعت\" }', NULL),
(9, 'Galaxy S20 Ultra 5G', 'pictures/s20_ultra_5g.png', 24300000, 'پایا گستر', '18 ماهه هایا تجارت همراه', 40, NULL, 'pictures/Galaxy S20 Ultra 5G-Big.png', 'گوشی موبایل سامسونگ مدل Galaxy S20 Ultra 5G SM-G988B/DS دو سیم کارت ظرفیت 128 گیگابایت', '{ \"رنگ\": \"خاکستری\", \"حافظه داخلی\": \"128 گیگابایت\", \"بازه ی اندازه صفحه نمایش\": \"6.0 اینچ و بزرگتر\", \"شبکه های ارتباطی\": \"2G , 3G , 4G , 5G\", \"وزن\": \"222 گرم\", \"توضیحات سیم کارت\": \"سایز نانو\", \"ساختار بدنه\": \"بدنه‌ای از جنس فلز و شیشه (محافظ گوریلا گلس 6 روی قاب جلو و پشت + فریم فلزی)<br>دارای گواهینامه IP68 مقاوم در برابر گرد و غبار و آب تا عمق 1.5 متر و به مدت 30 دقیقه<br>کاربرد شیار دوم برای سیم‌ کارت یا کارت حافظه‌ی جانبی\", \"ویژگی‌های خاص\": \"مجهز به حسگر اثرانگشت، مقاوم در برابر آب، مناسب بازی، مناسب عکاسی، مناسب عکاسی سلفی\", \"تعداد سیم کارت\": \"دو عدد\", \"زمان معرفی\": \"11 فوریه 2020\", \"تراشه\": \"Exynos 990 (7 nm+) Chipset\", \"پردازنده‌ی مرکزی\": \"Dual-core Mongoose M5 + Dual-core Cortex-A76 + Quad-core Cortex-A55 CPU\", \"نوع پردازنده\": \"64 بیتی\", \"فرکانس پردازنده‌ی مرکزی\": \"2.73، 2.60 و 2.0 گیگاهرتز\", \"پردازنده‌ی گرافیکی\": \"Mali-G77 MP11 GPU\", \"حافظه داخلی\": \"128 گیگابایت\", \"مقدار RAM\": \"دوازده گیگابایت\", \"فناوری صفحه‌ نمایش\": \"Dynamic AMOLED 2X\", \"اندازه\": \"6.9 اینچ\", \"رزولوشن\": \"3200 × 1440 پیکسل\", \"تراکم پیکسلی\": \"511 پیکسل بر اینچ\", \"سایر قابلیت‌ها\": \"پشتیبانی از شبکه‌ ی بی‌ سیم +ANT<br>مجهز به دستیار صوتی سامسونگ (Bixby)<br>فناوری سامسونگ برای انجام امور در دسکتاپ (Samsung Dex)<br>پشتیبانی از Samsung Pay برای پرداخت با استفاده از کارت‌ های اعتباری Visa و MasterCard\", \"سیستم عامل\": \"Android\", \"نسخه سیستم عامل\": \"Android 10\", \"مشخصات باتری\": \"باتری لیتیوم پلیمر با ظرفیت 5000 میلی‌آمپر ساعت<br>قابلیت شارژ سریع با توان 45 وات (شارژ 100 درصدی باتری در 74 دقیقه)<br>پشتیبانی از فناوری شارژ سریع PD نسخه سوم (USB Power Delivery 3.0)<br>مجهز به شارژ سریع بی‌ سیم Qi/PMA با توان 15 واتی<br>قابلیت شارژ بی‌ سیم دستگاه‌ های دیگر (Power Bank/Reverse Wireless)\" }', NULL),
(10, 'POCO X3 Pro', 'pictures/poxox3_pro_new.png', 6750000, 'گسترش همراه', '18 ماهه داریا همراه', 46, 25, 'pictures/Poco X3 Pro-Big.png', 'گوشی موبایل شیائومی مدل POCO X3 Pro M2102J20SG دو سیم‌ کارت ظرفیت 256 گیگابایت', '{ \"رنگ\": \"مشکی\", \"حافظه داخلی\": \"256 گیگابایت\", \"بازه ی اندازه صفحه نمایش\": \"6.0 اینچ و بزرگتر\", \"شبکه های ارتباطی\": \"2G , 3G , 4G\", \"وزن\": \"215 گرم\", \"توضیحات سیم کارت\": \"سایز نانو\", \"ساختار بدنه\": \"قاب جلو از جنس شیشه با محافظت گوریلا گلس 6<br>قاب پشت و فریم از جنس پلاستیک<br>دارای گواهی IP53 مقاوم در برابر نفوذ گرد و غبار و قطرات آب\", \"ویژگی‌های خاص\": \"مجهز به حسگر اثرانگشت، دارای بدنه مقاوم، مناسب بازی، مناسب عکاسی، مناسب عکاسی سلفی\", \"تعداد سیم کارت\": \"دو عدد\", \"زمان معرفی\": \"22 مارس 2021\", \"تراشه\": \"Qualcomm Snapdragon 860 (7 nm) Chipset\", \"پردازنده‌ی مرکزی\": \"Single-Core Kryo 485 Gold; Triple-Core Kryo 485 Gold; Quad-Core Kryo 485 Silver CPU\", \"نوع پردازنده\": \"64 بیتی\", \"فرکانس پردازنده‌ی مرکزی\": \"1.78، 2.42 و 2.96 گیگاهرتز\", \"پردازنده‌ی گرافیکی\": \"Adreno 640 GPU\", \"حافظه داخلی\": \"256 گیگابایت\", \"مقدار RAM\": \"هشت گیگابایت\", \"فناوری صفحه‌ نمایش\": \"IPS\", \"اندازه\": \"6.67 اینچ\", \"رزولوشن\": \"2400 × 1080 پیکسل\", \"تراکم پیکسلی\": \"395 پیکسل بر اینچ\", \"سایر قابلیت‌ها\": \"نرخ به روز رسانی 120 هرتز<br>دارای فناوری HDR10<br>میزان حداقل روشنایی صفحه 450 نیت\", \"سیستم عامل\": \"Android\", \"نسخه سیستم عامل\": \"Android 11\", \"مشخصات باتری\": \"باتری لیتیوم-پلیمری با ظرفیت 5160 میلی‌آمپر ساعت<br>قابلیت شارژ سریع باتری با توان 33 وات<br>100 درصد شارژ شدن باتری در 59 دقیقه\" }', 'takhfif-pictures/POCO X3-Pro.png'),
(11, 'iPhone 13', 'pictures/13.png', 27600000, 'سرای تل', '18 ماهه عمران تل', 8, 20, 'pictures/iPhone 13-Big.png', 'گوشی موبایل اپل مدل iPhone 13 A2634 دو سیم‌ کارت ظرفیت 128 گیگابایت', '{ \"رنگ\": \"صورتی\", \"حافظه داخلی\": \"128 گیگابایت\", \"بازه ی اندازه صفحه نمایش\": \"6.0 اینچ و بزرگتر\", \"شبکه های ارتباطی\": \"2G , 3G , 4G , 5G\", \"وزن\": \"174 گرم\", \"توضیحات سیم کارت\": \"سایز نانو\", \"ساختار بدنه\": \"قاب جلویی و پشتی از جنس شیشه، فریم از جنس آلومینیومی<br>دارای استاندارد IP68 برای مقاومت در برابر آب (به مدت 30 دقیقه در عمق 6 متر)<br>صفحه‌ نمایش با شیشه مقاوم در برابر خط‌ و خش با پوشش Gorilla Glass سرامیکی\", \"ویژگی‌های خاص\": \"دارای بدنه مقاوم، مجهز به حسگر تشخیص چهره، مقاوم در برابر آب، مناسب بازی، مناسب عکاسی\", \"تعداد سیم کارت\": \"دو عدد\", \"زمان معرفی\": \"14 سپتامبر 2021\", \"تراشه\": \"Apple A15 Bionic (5 nm) Chipset\", \"پردازنده‌ی مرکزی\": \"Hexa-core CPU\", \"نوع پردازنده\": \"64 بیتی\", \"فرکانس پردازنده‌ی مرکزی\": \"2x3.23 GHz Avalanche + 4x1.82 GHz Blizzard\", \"پردازنده‌ی گرافیکی\": \"Apple GPU (4-core graphics) GPU\", \"حافظه داخلی\": \"128 گیگابایت\", \"مقدار RAM\": \"چهار گیگابایت\", \"فناوری صفحه‌ نمایش\": \"Super Retina XDR OLED\", \"اندازه\": \"6.1 اینچ\", \"رزولوشن\": \"2532 × 1170 پیکسل\", \"تراکم پیکسلی\": \"460 پیکسل بر اینچ\", \"سایر قابلیت‌ها\": \"شیشه سرامیکی مقاوم در برابر خراش، پوشش اولئوفوبیک طیف وسیع رنگ<br>True-tone Siri natural language commands and dictation<br>Ultra Wideband (UWB) support<br>HDR10 Dolby Vision 800 nits (typ) 1200 nits (peak)\", \"سیستم عامل\": \"iOS\", \"نسخه سیستم عامل\": \"iOS 15\", \"مشخصات باتری\": \"باتری لیتیوم پلیمر با میزان ظرفیت 3240 قابلیت شارژ سریع با توان 23 وات<br>قابلیت شارژ به‌ صورت بی‌ سیم (MagSafe wireless charging 15W)<br>پشتیبانی از فناوری PD نسخه دوم (USB Power Delivery 2.0)<br>دارای قابلیت شارژ سریع بی‌ سیم Qi magnetic با توان 7.5 وات<br>شارژ شدن تا 50 درصد در 30 دقیقه<br>پخش مداوم موزیک با شارژ 100 درصد باتری تا 55 ساعت<br>پخش مداوم مالتی‌ مدیا با شارژ 100 درصد باتری تا 17 ساعت\" }', 'takhfif-pictures/iphone-13.png'),
(12, 'Xiaomi Mi 10T Pro 5G', 'pictures/mi_10t_pro_5g.png', 13125000, 'پویا فناوران', '20 ماهه مدیا پردازش', 36, NULL, 'pictures/Xiaomi Mi 10T Pro 5G-Big.png', 'گوشی موبایل شیائومی مدل Mi 10T Pro 5G M2007J3SG دو سیم‌ کارت ظرفیت 128 گیگابایت', '{ \"رنگ\": \"مشکی\", \"حافظه داخلی\": \"128 گیگابایت\", \"بازه ی اندازه صفحه نمایش\": \"6.0 اینچ و بزرگتر\", \"شبکه های ارتباطی\": \"2G , 3G , 4G , 5G\", \"وزن\": \"208 گرم\", \"توضیحات سیم کارت\": \"سایز نانو\", \"ساختار بدنه\": \"قاب جلو و پشت از جنس شیشه با محافظت گوریلا گلس 5<br>فریم از جنس آلومینیوم\", \"ویژگی‌های خاص\": \"مجهز به حسگر اثرانگشت، دارای بدنه مقاوم، مناسب بازی، فبلت، مناسب عکاسی، مناسب عکاسی سلفی\", \"تعداد سیم کارت\": \"دو عدد\", \"زمان معرفی\": \"30 سپتامبر 2020\", \"تراشه\": \"Qualcomm SM8250 Snapdragon 865 (7 nm+) Chipset\", \"پردازنده‌ی مرکزی\": \"Octa-Core Kryo 585 CPU\", \"نوع پردازنده\": \"64 بیتی\", \"فرکانس پردازنده‌ی مرکزی\": \"2.84، 2.42 و 1.8 گیگاهرتز\", \"پردازنده‌ی گرافیکی\": \"Adreno 650 GPU\", \"حافظه داخلی\": \"128 گیگابایت\", \"مقدار RAM\": \"هشت گیگابایت\", \"فناوری صفحه‌ نمایش\": \"IPS\", \"اندازه\": \"6.67 اینچ\", \"رزولوشن\": \"2400 × 1080 پیکسل\", \"تراکم پیکسلی\": \"395 پیکسل بر اینچ\", \"سایر قابلیت‌ها\": \"نرخ به روز رسانی 144 هرتز<br>دارای فناوری +HDR10<br>میزان حداکثر روشنایی صفحه 650 نیت\", \"سیستم عامل\": \"Android\", \"نسخه سیستم عامل\": \"Android 10\", \"مشخصات باتری\": \"باتری لیتیوم-پلیمری با ظرفیت 5000 میلی‌آمپر ساعت<br>قابلیت شارژ سریع باتری با توان 33 وات<br>پشتیبانی از فناوری شارژ سریع PD نسخه سوم (USB Power Delivery 3.0)\" }', NULL),
(13, 'Galaxy Note 20', 'pictures/note_20.png', 20400000, 'گسترش همراه', '18 ماهه داتیس همراه', 23, NULL, 'pictures/Note 20-Big.png', 'گوشی موبایل سامسونگ مدل Galaxy Note 20 SM-N980F/DS دو سیم کارت ظرفیت 256 گیگابایت و رم 8 گیگابایت', '{ \"رنگ\": \"خاکستری\", \"حافظه داخلی\": \"256 گیگابایت\", \"بازه ی اندازه صفحه نمایش\": \"6.0 اینچ و بزرگتر\", \"شبکه های ارتباطی\": \"2G , 3G , 4G\", \"وزن\": \"192 گرم\", \"توضیحات سیم کارت\": \"سایز نانو\", \"ساختار بدنه\": \"قاب جلو ساخته شده از جنس شیشه (با محافظ گوریلا گلس 5)<br>قاب پشتی ساخته شده از جنس پلاستیک<br>دارای گواهینامه IP68 مقاوم در برابر گرد و غبار و آب تا عمق 1.5 متر و به مدت 30 دقیقه<br>قلم نوری با تاخیر 26 میلی ثانیه (26ms Latency)\", \"ویژگی‌های خاص\": \"مجهز به حسگر اثرانگشت، مقاوم در برابر آب، مناسب بازی، فبلت، مناسب عکاسی، مناسب عکاسی سلفی\", \"تعداد سیم کارت\": \"دو عدد\", \"زمان معرفی\": \"5 آگوست 2020\", \"تراشه\": \"Exynos 990 (7 nm+) Chipset\", \"پردازنده‌ی مرکزی\": \"Dual-core Mongoose M5 + Dual-core Cortex-A76 + Quad-core Cortex-A55 CPU\", \"نوع پردازنده\": \"64 بیتی\", \"فرکانس پردازنده‌ی مرکزی\": \"2.73، 2.50 و 2.0 گیگاهرتز\", \"پردازنده‌ی گرافیکی\": \"Mali-G77 MP11 GPU\", \"حافظه داخلی\": \"256 گیگابایت\", \"مقدار RAM\": \"هشت گیگابایت\", \"فناوری صفحه‌ نمایش\": \"Super AMOLED Plus\", \"اندازه\": \"6.7 اینچ\", \"رزولوشن\": \"2400 × 1080 پیکسل\", \"تراکم پیکسلی\": \"393 پیکسل بر اینچ\", \"سایر قابلیت‌ها\": \"پشتیبانی از شبکه‌ ی بی‌ سیم +ANT<br>مجهز به دستیار صوتی سامسونگ (Bixby)<br>دارای فناوری +HDR10<br>فناوری سامسونگ برای انجام امور در دسکتاپ (Samsung Dex)<br>پشتیبانی از Samsung Pay برای پرداخت با استفاده از کارت‌ های اعتباری Visa و MasterCard\", \"سیستم عامل\": \"Android\", \"نسخه سیستم عامل\": \"Android 10\", \"مشخصات باتری\": \"باتری لیتیوم یون با ظرفیت 4300 میلی‌آمپر ساعت<br>قابلیت شارژ سریع با توان 25 وات<br>پشتیبانی از فناوری شارژ سریع PD نسخه سوم (USB Power Delivery 3.0)<br>مجهز به شارژ سریع بی‌ سیم Qi/PMA با توان 15 واتی<br>قابلیت شارژ بی‌ سیم دستگاه‌های دیگر (Power Bank/Reverse Wireless Charging) با توان 4.5 وات\" }', NULL),
(14, 'iPhone 12 Pro Max', 'pictures/12_pro_max.png', 35000000, 'کارزین تل', '18 ماهه آرمان همراه', 34, NULL, 'pictures/iphone 12 pro max-Big.png', 'گوشی موبایل اپل مدل iPhone 12 Pro Max A2412 دو سیم‌ کارت ظرفیت 128 گیگابایت و رم 6 گیگابایت', '{ \"رنگ\": \"آبی\", \"حافظه داخلی\": \"256 گیگابایت\", \"بازه ی اندازه صفحه نمایش\": \"6.0 اینچ و بزرگتر\", \"شبکه های ارتباطی\": \"2G , 3G , 4G , 5G\", \"وزن\": \"228 گرم\", \"توضیحات سیم کارت\": \"سایز نانو\", \"ساختار بدنه\": \"فلز و شیشه (قاب جلو و پشت شیشه‌ای با فریمی از جنس فولاد ضد زنگ)<br>دارای استاندارد IP68 برای مقاومت در برابر آب (به مدت 30 دقیقه در عمق 6 متر)<br>صفحه نمایش با شیشه مقاوم در برابر خط و خش به همراه محافظ ceramic glass<br>دارای پوشش Oleophobic برای صفحه‌ نمایش\", \"ویژگی‌های خاص\": \"دارای بدنه مقاوم، مجهز به حسگر تشخیص چهره، مقاوم در برابر آب، مناسب بازی، مناسب عکاسی، مناسب عکاسی سلفی\", \"تعداد سیم کارت\": \"دو عدد\", \"زمان معرفی\": \"13 اکتبر 2020\", \"تراشه\": \"Apple A14 Bionic (5 nm) Chipset\", \"پردازنده‌ی مرکزی\": \"Hexa-core CPU\", \"نوع پردازنده\": \"64 بیتی\", \"فرکانس پردازنده‌ی مرکزی\": \"2x3.1 GHz Firestorm + 4x1.8 GHz Icestorm\", \"پردازنده‌ی گرافیکی\": \"Apple GPU (4-core graphics) GPU\", \"حافظه داخلی\": \"256 گیگابایت\", \"مقدار RAM\": \"شش گیگابایت\", \"فناوری صفحه‌ نمایش\": \"Super Retina XDR OLED\", \"اندازه\": \"6.7 اینچ\", \"رزولوشن\": \"2778 × 1284 پیکسل\", \"تراکم پیکسلی\": \"458 پیکسل بر اینچ\", \"سایر قابلیت‌ها\": \"Scratch-resistant glass oleophobic coating Dolby Vision Wide color gamut<br>True-tone Siri natural language commands and dictation\", \"سیستم عامل\": \"iOS\", \"نسخه سیستم عامل\": \"iOS 14\", \"مشخصات باتری\": \"(50 درصد شارژ در 30 دقیقه) باتری از نوع لیتیوم-یون پشتیبانی از شارژ سریع با توان 18 وات<br>قابلیت شارژ به‌ صورت بی‌ سیم (Qi fast wireless charging 15W)<br>پشتیبانی از فناوری PD نسخه دوم (USB Power Delivery 2.0)\" }', NULL),
(15, 'Xiaomi Mi 11 5G', 'pictures/mi_11_5g.png', 20000000, 'گسترش همراه', '18 ماهه سیف سرویس', 44, NULL, 'pictures/Mi 11 5G-Big.png', 'گوشی موبایل شیائومی مدل Mi 11 M2011K2G 5G دو سیم‌ کارت ظرفیت 256 گیگابایت و 8 گیگابایت رم', '{ \"رنگ\": \"آبی\", \"حافظه داخلی\": \"256 گیگابایت\", \"بازه ی اندازه صفحه نمایش\": \"6.0 اینچ و بزرگتر\", \"شبکه های ارتباطی\": \"2G , 3G , 4G , 5G\", \"وزن\": \"196 گرم\", \"توضیحات سیم کارت\": \"سایز نانو\", \"ساختار بدنه\": \"قاب جلویی از جنس شیشه با محافظ Gorilla Glass Victus<br>قاب پشتی از جنس شیشه با محافظ Gorilla Glass 5<br>فریم از جنس آلومینیوم\", \"ویژگی‌های خاص\": \"مجهز به حسگر اثرانگشت، مقاوم در برابر آب، مناسب بازی، فبلت، مناسب عکاسی، مناسب عکاسی سلفی\", \"تعداد سیم کارت\": \"دو عدد\", \"زمان معرفی\": \"28 دسامبر 2020\", \"تراشه\": \"Qualcomm SM8350 Snapdragon 888 5G (5 nm) Chipset\", \"پردازنده‌ی مرکزی\": \"Single-Core Kryo 680 + Triple-Core Kryo 680 + Quad-Core Kryo 680 CPU\", \"نوع پردازنده\": \"64 بیتی\", \"فرکانس پردازنده‌ی مرکزی\": \"2.84، 2.42 و 1.8 گیگاهرتز\", \"پردازنده‌ی گرافیکی\": \"Adreno 660 GPU\", \"حافظه داخلی\": \"256 گیگابایت\", \"مقدار RAM\": \"هشت گیگابایت\", \"فناوری صفحه‌ نمایش\": \"AMOLED\", \"اندازه\": \"6.81 اینچ\", \"رزولوشن\": \"3200 × 1440 پیکسل\", \"تراکم پیکسلی\": \"515 پیکسل بر اینچ\", \"سایر قابلیت‌ها\": \"نرخ به روز رسانی 120 هرتز<br>دارای فناوری +HDR10<br>میزان حداکثر روشنایی صفحه 1500 نیت\", \"سیستم عامل\": \"Android\", \"نسخه سیستم عامل\": \"Android 11\", \"مشخصات باتری\": \"باتری لیتیوم-پلیمر با ظرفیت 4600 میلی‌آمپر ساعت<br>قابلیت شارژ سریع باتری با توان 33 وات<br>پشتیبانی از فناوری شارژ سریع PD نسخه سوم (USB Power Delivery 3.0)<br>قابلیت شارژ معکوس با توان 10 وات<br>دارای تکنولوژی شارژ سریع Quick Charge 4 Plus\" }', NULL);

-- --------------------------------------------------------

--
-- Table structure for table `shop`
--

CREATE TABLE `shop` (
  `id` int(11) NOT NULL,
  `user_id` int(11) NOT NULL,
  `product_id` int(11) NOT NULL,
  `count` int(11) NOT NULL
) ENGINE=InnoDB DEFAULT CHARSET=utf8mb4 COLLATE=utf8mb4_persian_ci;

-- --------------------------------------------------------

--
-- Table structure for table `users`
--

CREATE TABLE `users` (
  `id` int(11) NOT NULL,
  `UserName` varchar(50) CHARACTER SET utf8 COLLATE utf8_persian_ci NOT NULL,
  `Password` varchar(50) CHARACTER SET utf8 COLLATE utf8_persian_ci NOT NULL,
  `name` varchar(50) COLLATE utf8mb4_persian_ci DEFAULT NULL,
  `tel` varchar(11) COLLATE utf8mb4_persian_ci DEFAULT NULL,
  `address` varchar(255) COLLATE utf8mb4_persian_ci DEFAULT NULL,
  `email` varchar(50) COLLATE utf8mb4_persian_ci DEFAULT NULL
) ENGINE=InnoDB DEFAULT CHARSET=utf8mb4 COLLATE=utf8mb4_persian_ci;

--
-- Dumping data for table `users`
--

INSERT INTO `users` (`id`, `UserName`, `Password`, `name`, `tel`, `address`, `email`) VALUES
(1, 'shokouhi', '1381', 'علی شکوهی مرام', '09309476493', 'استان قم شهر قم خیابان ۱۹ دی کوچه ۲۴ پلاک ۱۰', 'alishokohi2002@gmail.com'),
(2, 'hossein', '1377', 'حسین شکوهی مرام', '09383415755', 'استان قم شهر قم خیابان ۱۹ دی کوچه ۲۴ پلاک ۱۰', 'hossein@gmail.com'),
(3, 'hasan', '4455', NULL, NULL, NULL, NULL),
(4, 'hamed', '4567', NULL, NULL, NULL, NULL),
(5, 'meraj', '3367', 'معراج پرهیزکاری', '09309682133', 'تهران خیابان امام حسین کوچه 26 پلاک 49', 'meraj@gmail.com'),
(7, 'aliali', '5678', NULL, NULL, NULL, NULL),
(8, 'naser', '1331', NULL, NULL, NULL, NULL),
(9, 'nader', '1355', NULL, NULL, NULL, NULL),
(10, 'hossein', '1340', NULL, NULL, NULL, NULL),
(11, 'heidar', '1366', NULL, NULL, NULL, NULL),
(12, 'mohammad', '3090', NULL, NULL, NULL, NULL),
(13, 'yaser', '1331', NULL, NULL, NULL, NULL),
(14, 'sajad', '12367', NULL, NULL, NULL, NULL),
(15, 'hashem', '1023', NULL, NULL, NULL, NULL),
(16, 'babak', '2023', NULL, NULL, NULL, NULL),
(17, 'alireza', '12367', NULL, NULL, NULL, NULL),
(18, 'amirHossein', '88990', NULL, NULL, NULL, NULL),
(19, 'ahmadreza', '90567', NULL, NULL, NULL, NULL),
(20, 'alishokouhi', '555999', NULL, NULL, NULL, NULL),
(21, 'mohammadReza', '775533', NULL, NULL, NULL, NULL),
(22, 'farid', '2002', NULL, NULL, NULL, NULL),
(23, 'shahin', '000124', NULL, NULL, NULL, NULL),
(24, 'shahab', '11559', NULL, NULL, NULL, NULL),
(25, 'Arman', '3311', NULL, NULL, NULL, NULL),
(26, 'mehrdad', '3353', NULL, NULL, NULL, NULL),
(27, 'armin', '4400', NULL, NULL, NULL, NULL),
(28, 'rezaei', '4430', NULL, NULL, NULL, NULL),
(29, 'amini', '5509', NULL, NULL, NULL, NULL),
(30, 'khashayar', '5509', NULL, NULL, NULL, NULL),
(31, 'bahram', '664890', NULL, NULL, NULL, NULL),
(32, 'ahmadi', '33333', NULL, NULL, NULL, NULL),
(33, 'borzoo', '6654', NULL, NULL, NULL, NULL),
(34, 'naderi', '9012', NULL, NULL, NULL, NULL),
(35, 'bahmani', '9012', NULL, NULL, NULL, NULL),
(36, 'yasin', '9056', NULL, NULL, NULL, NULL),
(37, 'hashemi', '5980', NULL, NULL, NULL, NULL),
(38, 'Armani', '3757', NULL, NULL, NULL, NULL),
(39, 'mustafa', '1380', 'mustafa', '09011289637', 'استان قم شهر قم خیابان ۱۹ دی کوچه ۲۴ پلاک ۱۰', 'mustafa@gamil.com'),
(40, 'shayan', '447799', NULL, NULL, NULL, NULL),
(41, 'parvin', '2288', 'parvin', '09309682133', 'استان قم شهر قم خیابان ۱۹ دی کوچه ۲۴ پلاک ۱۰', 'parvin@gmail.com');

--
-- Indexes for dumped tables
--

--
-- Indexes for table `factor`
--
ALTER TABLE `factor`
  ADD PRIMARY KEY (`id`);

--
-- Indexes for table `message`
--
ALTER TABLE `message`
  ADD PRIMARY KEY (`id`);

--
-- Indexes for table `products`
--
ALTER TABLE `products`
  ADD PRIMARY KEY (`id`);

--
-- Indexes for table `shop`
--
ALTER TABLE `shop`
  ADD PRIMARY KEY (`id`);

--
-- Indexes for table `users`
--
ALTER TABLE `users`
  ADD PRIMARY KEY (`id`);

--
-- AUTO_INCREMENT for dumped tables
--

--
-- AUTO_INCREMENT for table `factor`
--
ALTER TABLE `factor`
  MODIFY `id` int(11) NOT NULL AUTO_INCREMENT, AUTO_INCREMENT=88;

--
-- AUTO_INCREMENT for table `message`
--
ALTER TABLE `message`
  MODIFY `id` int(11) NOT NULL AUTO_INCREMENT, AUTO_INCREMENT=7;

--
-- AUTO_INCREMENT for table `products`
--
ALTER TABLE `products`
  MODIFY `id` int(11) NOT NULL AUTO_INCREMENT, AUTO_INCREMENT=20;

--
-- AUTO_INCREMENT for table `shop`
--
ALTER TABLE `shop`
  MODIFY `id` int(11) NOT NULL AUTO_INCREMENT, AUTO_INCREMENT=299;

--
-- AUTO_INCREMENT for table `users`
--
ALTER TABLE `users`
  MODIFY `id` int(11) NOT NULL AUTO_INCREMENT, AUTO_INCREMENT=42;
COMMIT;

/*!40101 SET CHARACTER_SET_CLIENT=@OLD_CHARACTER_SET_CLIENT */;
/*!40101 SET CHARACTER_SET_RESULTS=@OLD_CHARACTER_SET_RESULTS */;
/*!40101 SET COLLATION_CONNECTION=@OLD_COLLATION_CONNECTION */;
